epoch_idx	nce_loss
1	4.8998494
2	4.425066
3	3.7999074
4	3.2965522
5	3.068403
6	2.9198909
7	2.8198106
8	2.7239928
9	2.6467938
10	2.608976
11	2.535074
12	2.5131426
13	2.444944
14	2.4076414
15	2.3657904
16	2.3383965
17	2.2963212
18	2.2202692
19	2.1657765
20	2.1806364
21	2.0942137
22	2.082175
23	2.032785
24	2.002862
25	1.9200878
26	1.942306
27	1.8829129
28	1.9196227
29	1.8088576
30	1.8094565
31	1.773103
32	1.729439
33	1.6265893
34	1.6510652
35	1.680182
36	1.6599586
37	1.6101887
38	1.5813829
39	1.5398672
40	1.5782657
41	1.603878
42	1.563743
43	1.5000579
44	1.5409005
45	1.5550584
46	1.5339469
47	1.4291832
48	1.434443
49	1.47452
50	1.4356453
51	1.4163991
52	1.4094094
53	1.41514
54	1.3348277
55	1.314597
56	1.3260634
57	1.3248855
58	1.3196992
59	1.3464353
60	1.3213404
61	1.3401097
62	1.3329428
63	1.2912077
64	1.267832
65	1.2908618
66	1.2768016
67	1.2461168
68	1.2237861
69	1.2801598
70	1.2041919
71	1.2492074
72	1.2703857
73	1.1810412
74	1.2537163
75	1.2140695
76	1.1716937
77	1.1396182
78	1.1633656
79	1.2350351
80	1.1741419
81	1.2047642
82	1.205771
83	1.2022208
84	1.1449397
85	1.1209776
86	1.157289
87	1.2019346
88	1.1657406
89	1.1327884
90	1.1433439
91	1.201571
92	1.1558846
93	1.1291044
94	1.1647513
95	1.1182945
96	1.1339211
97	1.1363298
98	1.1177539
99	1.1865731
100	1.0877059
101	1.0877044
102	1.1450877
103	1.1405553
104	1.1805341
105	1.0709457
106	1.1317176
107	1.120747
108	1.1016425
109	1.0496763
110	1.099939
111	1.1205974
112	1.0316664
113	1.1528733
114	1.0453321
115	1.0143886
116	1.1044558
117	1.048016
118	1.1005272
119	1.0664108
120	1.1305683
121	1.1043319
122	1.1565568
123	1.0205525
124	0.99657214
125	1.1000648
126	1.0701177
127	1.052618
128	1.0453111
129	1.0729302
130	1.0855957
131	1.0876809
132	1.0362703
133	1.0112393
134	1.1033827
135	1.072763
136	0.98882973
137	1.022062
138	1.0308871
139	1.0435648
140	1.0023725
141	1.0606763
142	1.0366756
143	1.1751925
144	1.1720215
145	1.144513
146	1.0284238
147	1.0072439
148	0.99889374
149	1.0581533
150	0.96528107
151	0.9983706
152	1.0193471
153	1.0384209
154	1.069598
155	0.9702174
156	1.0424352
157	1.0662329
158	1.0860887
159	0.9733542
160	1.0169244
161	0.9924608
162	1.0731164
163	0.9976816
164	1.0249723
165	1.0138441
166	1.0138125
167	1.0006312
168	0.9608594
169	0.97537386
170	0.99993396
171	1.2060125
172	0.92704636
173	0.9849615
174	1.0411599
175	0.97409004
176	0.9687647
177	1.0611792
178	0.9583744
179	0.98054737
180	0.9940217
181	1.0143422
182	1.0200747
183	0.9511865
184	0.9406884
185	0.9611226
186	0.95238525
187	1.058478
188	0.96170926
189	0.96209306
190	0.91211474
191	0.8576117
192	1.0424712
193	0.9528252
194	0.9324332
195	1.0208889
196	0.95866954
197	1.007938
198	1.0026037
199	1.0622517
200	1.0274686
201	0.9899625
202	0.9765177
203	0.95973134
204	0.9632798
205	1.0326701
206	1.0303226
207	1.0103438
208	0.96733105
209	1.0223577
210	0.96107876
211	1.0325888
212	0.9680261
213	0.8836208
214	0.918197
215	0.8678864
216	0.9227181
217	0.92362106
218	0.90692717
219	0.9625883
220	1.013643
221	0.97935975
222	0.88436514
223	0.98557717
224	0.92274654
225	1.0448436
226	1.0636201
227	0.9307932
228	1.0081456
229	0.9166504
230	1.0646942
231	1.0320065
232	0.9484462
233	0.97787213
234	0.8678376
235	0.89901704
236	0.92937976
237	0.88165915
238	0.9393508
239	0.917771
240	1.071609
241	0.9053582
242	0.89682806
243	0.893457
244	0.9132087
245	0.9218213
246	0.9087118
247	0.9467856
248	0.98327196
249	0.9756386
250	0.9488207
251	0.86446035
252	0.8989886
253	0.9262916
254	0.8405002
255	0.97078127
256	0.92835724
257	0.98519015
258	0.93468434
259	1.0147555
260	0.8460099
261	0.93373615
262	0.92492414
263	0.8954548
264	0.8437793
265	0.9547794
266	0.88942885
267	0.91677064
268	0.84049314
269	0.9312366
270	0.948392
271	0.89937216
272	0.9528687
273	0.83492905
274	0.86094004
275	0.8949251
276	0.88978326
277	0.923916
278	0.8825352
279	0.9152051
280	0.83989054
281	0.9054142
282	0.88011277
283	1.0169727
284	0.88343513
285	0.9818039
286	0.8531641
287	0.93737686
288	0.9351397
289	0.8550974
290	0.89970154
291	0.8928242
292	0.97055876
293	0.8672122
294	0.82126683
295	0.84104973
296	0.8435484
297	0.8686215
298	0.8887008
299	0.93621564
300	0.8463631
301	0.87126195
302	0.91590637
303	0.8415431
304	0.8517421
305	0.8618435
306	0.84933096
307	0.8484726
308	0.9435599
309	0.7978907
310	0.8734111
311	0.8546557
312	0.9392726
313	0.8233967
314	0.9010051
315	0.845933
316	0.9179478
317	0.8827992
318	0.8600001
319	0.8353549
320	0.8077861
321	0.8662625
322	0.84409237
323	0.81455
324	0.78851545
325	0.87439674
326	0.8026638
327	0.8522702
328	0.90697944
329	0.8547736
330	0.8683064
331	0.77731407
332	0.86949533
333	0.8242726
334	0.868568
335	0.8180832
336	0.85822356
337	0.85571855
338	0.93078333
339	0.9820615
340	0.83383363
341	0.9264383
342	0.83261037
343	0.8372541
344	0.83705115
345	0.78035796
346	0.8114275
347	0.8273431
348	0.7151196
349	0.8789948
350	0.8211704
351	0.86016613
352	0.79491514
353	0.7535358
354	0.84422725
355	0.9112749
356	0.84926695
357	0.7868403
358	0.8829583
359	0.83028823
360	0.81636214
361	0.85915154
362	0.82607895
363	0.71296793
364	0.73636746
365	0.7953091
366	0.87378144
367	0.7971622
368	0.744028
369	0.85358554
370	0.9349819
371	0.95454186
372	0.81974065
373	0.77169776
374	0.7365227
375	0.780929
376	0.7745762
377	0.7484035
378	0.80532736
379	0.8096399
380	0.7209351
381	0.7571196
382	0.8177238
383	0.81832165
384	0.83288634
385	0.81806767
386	0.7450692
387	0.8087638
388	0.75061166
389	0.7633905
390	0.8341041
391	0.7954105
392	0.7531764
393	0.7408304
394	0.8002837
395	0.7751908
396	0.78424454
397	0.7066897
398	0.84412473
399	0.72160244
400	0.7467247
401	0.73756135
402	0.764024
403	0.8199445
404	0.74365526
405	0.7704041
406	0.8240031
407	0.7322165
408	0.74984443
409	0.7591535
410	0.6773725
411	0.77051675
412	0.65233827
413	0.7424525
414	0.7996386
415	0.7425581
416	0.70600426
417	0.6781592
418	0.9440192
419	0.9337326
420	0.7324038
421	0.75956786
422	0.6868142
423	0.7783245
424	0.8281652
425	0.85315394
426	0.72871774
427	0.8071078
428	0.7941074
429	0.8502918
430	0.83215845
431	0.7987143
432	0.7857666
433	0.6741135
434	0.7179883
435	0.6719694
436	0.7557744
437	0.7578277
438	0.7398025
439	0.82637817
440	0.698432
441	0.82806087
442	0.83085954
443	0.76574135
444	0.7614642
445	0.7744161
446	0.7598455
447	0.7516714
448	0.762519
449	0.80744463
450	0.7994945
451	0.6899909
452	0.72425026
453	0.73918694
454	0.66199017
455	0.7508532
456	0.82125026
457	0.7767109
458	0.8843054
459	0.7889316
460	0.7389942
461	0.7116576
462	0.7358388
463	0.7758684
464	0.7317201
465	0.73803735
466	0.71614516
467	0.6716659
468	0.65039337
469	0.68672997
470	0.6904064
471	0.75662124
472	0.6821449
473	0.69251335
474	0.6712802
475	0.6457852
476	0.7450105
477	0.69515586
478	0.65923715
479	0.691814
480	0.66367906
481	0.8058033
482	0.6667068
483	0.6956666
484	0.7032945
485	0.64948976
486	0.7829339
487	0.6757892
488	0.7054914
489	0.8800696
490	0.6545891
491	0.679983
492	0.635616
493	0.7041102
494	0.7254461
495	0.6760989
496	0.7042102
497	0.72486216
498	0.67535496
499	0.69552004
500	0.70300287
501	0.64124113
502	0.70918626
503	0.8010488
504	0.6543897
505	0.6853603
506	0.7227005
507	0.69206303
508	0.68537015
509	0.59696996
510	0.71953815
511	0.62058425
512	0.71058345
513	0.68604463
514	0.65379167
515	0.68639976
516	0.6543289
517	0.72491455
518	0.68078685
519	0.7508392
520	0.7145377
521	0.74121314
522	0.63996726
523	0.6181899
524	0.67450833
525	0.6300749
526	0.63640535
527	0.68939996
528	0.62585163
529	0.6567578
530	0.6692734
531	0.6795177
532	0.6720814
533	0.5639378
534	0.7080548
535	0.6638658
536	0.67022747
537	0.7425179
538	0.692847
539	0.61975944
540	0.6534433
541	0.65724874
542	0.5576637
543	0.66946703
544	0.7154614
545	0.65827465
546	0.66122776
547	0.63505256
548	0.59544337
549	0.69138783
550	0.7053155
551	0.67417485
552	0.8243655
553	0.59834653
554	0.64000535
555	0.5954993
556	0.64821404
557	0.62360466
558	0.67801607
559	0.67833877
560	0.6101202
561	0.62765783
562	0.72264344
563	0.67736787
564	0.6594414
565	0.68009084
566	0.614584
567	0.70996153
568	0.6282675
569	0.62856394
570	0.57074606
571	0.60025185
572	0.65594006
573	0.7774722
574	0.662987
575	0.6627467
576	0.63578004
577	0.6262385
578	0.6595831
579	0.5813789
580	0.5843009
581	0.6449667
582	0.5936682
583	0.63923925
584	0.6927451
585	0.6940558
586	0.6805097
587	0.8669401
588	0.6265553
589	0.59046614
590	0.6004992
591	0.61453325
592	0.68844056
593	0.6782905
594	0.61929166
595	0.66659665
596	0.6802164
597	0.6689539
598	0.68070245
599	0.6917047
600	0.6888625
601	0.6101075
602	0.5475216
603	0.57233953
604	0.64331496
605	0.6242476
606	0.6995252
607	0.5835194
608	0.6304603
609	0.66812044
610	0.62424386
611	0.66207224
612	0.5299398
613	0.65053093
614	0.5894929
615	0.56734407
616	0.5625395
617	0.5786958
618	0.6049267
619	0.6026884
620	0.5739363
621	0.64762586
622	0.5830013
623	0.58019197
624	0.6010537
625	0.54885906
626	0.5792188
627	0.5763151
628	0.57515913
629	0.58494145
630	0.57628417
631	0.5790384
632	0.6371299
633	0.5931987
634	0.63182986
635	0.65246433
636	0.6359967
637	0.61229664
638	0.57494724
639	0.603468
640	0.637563
641	0.57339686
642	0.64877474
643	0.69722897
644	0.5808064
645	0.6746528
646	0.5890616
647	0.6185092
648	0.57140386
649	0.62778723
650	0.6320911
651	0.6606583
652	0.61861014
653	0.6669018
654	0.58087194
655	0.58905065
656	0.59252936
657	0.65033084
658	0.5694682
659	0.5698514
660	0.57530236
661	0.57158417
662	0.7158668
663	0.5452547
664	0.5801621
665	0.525221
666	0.5623753
667	0.5725882
668	0.62065727
669	0.6299095
670	0.53522855
671	0.59373796
672	0.5338016
673	0.54078084
674	0.5193318
675	0.59274673
676	0.65104973
677	0.68250144
678	0.6570954
679	0.6077285
680	0.5934857
681	0.59091324
682	0.5675269
683	0.593923
684	0.5730929
685	0.6212293
686	0.6207234
687	0.60586584
688	0.6245685
689	0.6683258
690	0.5395391
691	0.65836114
692	0.55076706
693	0.5929301
694	0.56577307
695	0.5851936
696	0.5644518
697	0.48342064
698	0.65727955
699	0.550878
700	0.5691186
701	0.53000677
702	0.5977986
703	0.5940433
704	0.5470229
705	0.59189403
706	0.650499
707	0.60192
708	0.6557716
709	0.5765039
710	0.60949576
711	0.6355843
712	0.5847846
713	0.56257623
714	0.53836554
715	0.56777805
716	0.5519425
717	0.6255842
718	0.59808624
719	0.58264923
720	0.56985974
721	0.6022831
722	0.559127
723	0.63249815
724	0.63880664
725	0.6039572
726	0.754495
727	0.6435822
728	0.5450108
729	0.59132856
730	0.58015215
731	0.5778547
732	0.5775623
733	0.5796483
734	0.59344923
735	0.57075155
736	0.50329983
737	0.5696793
738	0.52925634
739	0.55739135
740	0.56968635
741	0.51348424
742	0.6194553
743	0.57404643
744	0.5411484
745	0.55429566
746	0.5574281
747	0.5752889
748	0.5428996
749	0.60331637
750	0.5846369
751	0.60870874
752	0.5619647
753	0.6181563
754	0.5747348
755	0.52856314
756	0.5372927
757	0.5293022
758	0.533378
759	0.54203236
760	0.60904706
761	0.60391414
762	0.5172998
763	0.5510571
764	0.56002116
765	0.5708204
766	0.5319187
767	0.6179895
768	0.586774
769	0.56390595
770	0.5207446
771	0.5540267
772	0.52426785
773	0.5769447
774	0.53796405
775	0.51440275
776	0.5721522
777	0.5613563
778	0.56284225
779	0.6456597
780	0.6057938
781	0.5673697
782	0.53341717
783	0.5130382
784	0.54143226
785	0.51135385
786	0.5006495
787	0.59126407
788	0.6030315
789	0.5338002
790	0.5536617
791	0.5485416
792	0.5321224
793	0.6084615
794	0.5345287
795	0.5645601
796	0.48375016
797	0.5913422
798	0.5835179
799	0.6176727
800	0.50711954
801	0.5251022
802	0.469951
803	0.5072245
804	0.50017095
805	0.58838236
806	0.5064055
807	0.59326303
808	0.5131637
809	0.49669516
810	0.48874733
811	0.5688099
812	0.5710684
813	0.50712913
814	0.6206408
815	0.9071626
816	0.61715615
817	0.5699437
818	0.5836775
819	0.6884903
820	0.593364
821	0.5345058
822	0.5344455
823	0.5727744
824	0.60772353
825	0.5598707
826	0.51062405
827	0.47939935
828	0.57473475
829	0.52075785
830	0.57173365
831	0.6346674
832	0.551587
833	0.58127934
834	0.56005114
835	0.51342636
836	0.5933825
837	0.56446946
838	0.5472255
839	0.5296527
840	0.570172
841	0.5535296
842	0.5810304
843	0.63229394
844	0.542659
845	0.5918122
846	0.5609063
847	0.4972781
848	0.5839047
849	0.6111206
850	0.55052626
851	0.4996054
852	0.5772337
853	0.5390745
854	0.61843723
855	0.7124777
856	0.70189625
857	0.8788766
858	0.6010707
859	0.5306471
860	0.5226358
861	0.5540219
862	0.5578524
863	0.6025333
864	0.573164
865	0.5541897
866	0.5825225
867	0.53429127
868	0.55631167
869	0.52136457
870	0.640122
871	0.5770187
872	0.51637334
873	0.4827121
874	0.47034556
875	0.5275506
876	0.47985035
877	0.5135089
878	0.5159796
879	0.492602
880	0.49665144
881	0.4949072
882	0.5241587
883	0.49688366
884	0.5396794
885	0.5800424
886	0.5210403
887	0.57428926
888	0.5699702
889	0.53671914
890	0.56485534
891	0.71159774
892	0.63932824
893	0.54211605
894	0.5874063
895	0.5520101
896	0.5526024
897	0.6283302
898	0.53167987
899	0.4949888
900	0.49793893
901	0.5309493
902	0.5840102
903	0.5364328
904	0.5224801
905	0.44571465
906	0.53814536
907	0.52933574
908	0.4919954
909	0.51527
910	0.521911
911	0.49626985
912	0.5205079
913	0.5108011
914	0.6055183
915	0.5024682
916	0.6378179
917	0.5273299
918	0.5152004
919	0.5734124
920	0.53279835
921	0.53748804
922	0.49088266
923	0.5398375
924	0.5554541
925	0.5172415
926	0.5145933
927	0.6311064
928	0.5995915
929	0.50415224
930	0.59408164
931	0.65813696
932	0.58666235
933	0.60061955
934	0.5670444
935	0.57614034
936	0.5974356
937	0.49809054
938	0.55136275
939	0.4878214
940	0.53000915
941	0.5592346
942	0.5168756
943	0.5682839
944	0.48344898
945	0.5416447
946	0.52572775
947	0.5641657
948	0.51386607
949	0.58807147
950	0.49247792
951	0.47235724
952	0.50033545
953	0.56166697
954	0.4749737
955	0.4660134
956	0.4638155
957	0.5249239
958	0.51903594
959	0.50937116
960	0.5673068
961	0.47145468
962	0.47460586
963	0.5341426
964	0.5774882
965	0.71266234
966	0.54702884
967	0.5406871
968	0.5538661
969	0.50744283
970	0.60381347
971	0.57230604
972	0.5706492
973	0.57096434
974	0.5524594
975	0.47655204
976	0.5361976
977	0.5841323
978	0.5073918
979	0.48881194
980	0.49785647
981	0.581179
982	0.46566403
983	0.45637363
984	0.55660295
985	0.5396527
986	0.488639
987	0.52210295
988	0.50978905
989	0.5083554
990	0.50064814
991	0.5256201
992	0.4853062
993	0.4714062
994	0.51300746
995	0.54529196
996	0.5440775
997	0.5062998
998	0.54536813
999	0.55448085
1000	0.5339602
1001	0.58089834
1002	0.538868
1003	0.524052
1004	0.5180997
1005	0.57069594
1006	0.5614989
1007	0.47650713
1008	0.4787373
1009	0.47558102
1010	0.5149413
1011	0.5190574
1012	0.54278004
1013	0.5051667
1014	0.49016222
1015	0.473357
1016	0.46021456
1017	0.52226716
1018	0.514162
1019	0.4756482
1020	0.52084434
1021	0.4876264
1022	0.47579035
1023	0.5001856
1024	0.6300147
1025	0.4919699
1026	0.6416924
1027	0.67499894
1028	0.77791417
1029	0.55580497
1030	0.5756189
1031	0.54484236
1032	0.57991403
1033	0.48446763
1034	0.4690665
1035	0.44949245
1036	0.52864647
1037	0.47677866
1038	0.50296104
1039	0.50048536
1040	0.4863116
1041	0.5138353
1042	0.52453184
1043	0.5006563
1044	0.51031697
1045	0.551656
1046	0.46438688
1047	0.50711906
1048	0.49391133
1049	0.5104788
1050	0.5284007
1051	0.51957023
1052	0.48021922
1053	0.46153146
1054	0.54403913
1055	0.490375
1056	0.49485764
1057	0.47906443
1058	0.47434604
1059	0.6237937
1060	0.6500482
1061	0.57869464
1062	0.5021465
1063	0.47737852
1064	0.516175
1065	0.5481032
1066	0.46926305
1067	0.52411956
1068	0.46546227
1069	0.5206486
1070	0.55772907
1071	0.46696103
1072	0.49065036
1073	0.5085612
1074	0.4683982
1075	0.6704632
1076	0.53959703
1077	0.46637073
1078	0.50333846
1079	0.54536897
1080	0.46218178
1081	0.5100559
1082	0.5573018
1083	0.5082963
1084	0.4679604
1085	0.52280843
1086	0.5343087
1087	0.49506527
1088	0.4423188
1089	0.487144
1090	0.5451715
1091	0.46964055
1092	0.50135386
1093	0.43974283
1094	0.47114468
1095	0.51072073
1096	0.48740137
1097	0.48542303
1098	0.43706843
1099	0.45654267
1100	0.44189364
1101	0.47917634
1102	0.45486274
1103	0.510286
1104	0.4536509
1105	0.51895446
1106	0.5097729
1107	0.5825554
1108	0.4740286
1109	0.48248324
1110	0.43469027
1111	0.43781045
1112	0.49659124
1113	0.4799537
1114	0.48981434
1115	0.47756413
1116	0.45316932
1117	0.48214737
1118	0.5783465
1119	0.6083615
1120	0.5933132
1121	0.5738458
1122	0.6504563
1123	0.5487374
1124	0.49460834
1125	0.5213754
1126	0.5458243
1127	0.49364296
1128	0.50346065
1129	0.49016535
1130	0.48046896
1131	0.5868143
1132	0.5653443
1133	0.5576335
1134	0.45286986
1135	0.50851464
1136	0.53451955
1137	0.55554336
1138	0.5117074
1139	0.49138725
1140	0.49705437
1141	0.46856815
1142	0.48889747
1143	0.47145942
1144	0.50210965
1145	0.48891008
1146	0.5322819
1147	0.4800875
1148	0.43091708
1149	0.50381273
1150	0.4472121
1151	0.4720551
1152	0.4746768
1153	0.50930965
1154	0.5411996
1155	0.43187764
1156	0.47695097
1157	0.4615364
1158	0.48207876
1159	0.4435636
1160	0.45438296
1161	0.46146768
1162	0.49538726
1163	0.49598503
1164	0.5270194
1165	0.5167339
1166	0.49125516
1167	0.46494693
1168	0.49382484
1169	0.48305476
1170	0.44708574
1171	0.45726827
1172	0.4355376
1173	0.46034053
1174	0.4688618
1175	0.4853297
1176	0.607749
1177	0.6111053
1178	0.612136
1179	0.51522547
1180	0.5497225
1181	0.48327848
1182	0.49419865
1183	0.47514284
1184	0.48871616
1185	0.4573263
1186	0.47047758
1187	0.46015114
1188	0.4660554
1189	0.52241814
1190	0.4678064
1191	0.4383655
1192	0.45116222
1193	0.45613474
1194	0.46079654
1195	0.41544497
1196	0.4924144
1197	0.44271037
1198	0.4917026
1199	0.52732515
1200	0.4715092
1201	0.4473274
1202	0.53296536
1203	0.4801413
1204	0.43977922
1205	0.53463787
1206	0.58572614
1207	0.4826133
1208	0.49462205
1209	0.4716923
1210	0.48171732
1211	0.45593277
1212	0.4432877
1213	0.51054955
1214	0.45834497
1215	0.47214368
1216	0.46308386
1217	0.47766802
1218	0.47318238
1219	0.48047572
1220	0.48812765
1221	0.44851848
1222	0.5095993
1223	0.53148997
1224	0.50148666
1225	0.47924027
1226	0.4013858
1227	0.46817908
1228	0.45263478
1229	0.45936298
1230	0.48310313
1231	0.5305827
1232	0.4052499
1233	0.41979116
1234	0.51193464
1235	0.48086452
1236	0.42807972
1237	0.4649779
1238	0.43635988
1239	0.48459843
1240	0.4514637
1241	0.5021771
1242	0.4855664
1243	0.52005696
1244	0.4580536
1245	0.48346508
1246	0.4498882
1247	0.51283526
1248	0.5418677
1249	0.60179853
1250	0.50188136
1251	0.46959817
1252	0.5303903
1253	0.46123904
1254	0.49452627
1255	0.4868334
1256	0.50477463
1257	0.5127155
1258	0.44722116
1259	0.49190876
1260	0.4741346
1261	0.50765073
1262	0.4846312
1263	0.45380375
1264	0.4806071
1265	0.47073567
1266	0.4512069
1267	0.52030694
1268	0.49175897
1269	0.51180077
1270	0.4871669
1271	0.5482307
1272	0.5058728
1273	0.48427847
1274	0.4676914
1275	0.44873428
1276	0.54912
1277	0.53998524
1278	0.5042195
1279	0.558731
1280	0.5900131
1281	0.4674619
1282	0.50823855
1283	0.53280365
1284	0.5333634
1285	0.5099501
1286	0.45279568
1287	0.43990073
1288	0.4254926
1289	0.46463585
1290	0.4699402
1291	0.43954304
1292	0.44816768
1293	0.4725877
1294	0.42588207
1295	0.46490237
1296	0.44968435
1297	0.45886436
1298	0.48046622
1299	0.46940362
1300	0.46138504
1301	0.40296796
1302	0.51400584
1303	0.45476037
1304	0.48916057
1305	0.43794554
1306	0.47927526
1307	0.39376143
1308	0.46765035
1309	0.49620852
1310	0.47397846
1311	0.40344924
1312	0.43213183
1313	0.5034482
1314	0.46874183
1315	0.4286817
1316	0.46457604
1317	0.45225757
1318	0.5122947
1319	0.47094294
1320	0.5359427
1321	0.44953755
1322	0.47431567
1323	0.42186716
1324	0.45291466
1325	0.42324537
1326	0.43941993
1327	0.4771182
1328	0.43351847
1329	0.43351877
1330	0.42765158
1331	0.4609971
1332	0.44113952
1333	0.47126058
1334	0.46222675
1335	0.43036142
1336	0.51697546
1337	0.41664484
1338	0.4179727
1339	0.44139183
1340	0.47730848
1341	0.47555253
1342	0.4480284
1343	0.474233
1344	0.4273103
1345	0.44715282
1346	0.4569494
1347	0.47040427
1348	0.47684148
1349	0.41787642
1350	0.43603018
1351	0.51517594
1352	0.49522072
1353	0.46141407
1354	0.46258587
1355	0.40031564
1356	0.55019057
1357	0.53354245
1358	0.45186502
1359	0.4918794
1360	0.47208646
1361	0.44961897
1362	0.46596545
1363	0.39799115
1364	0.43213588
1365	0.40699258
1366	0.4277352
1367	0.46638954
1368	0.5090136
1369	0.51030916
1370	0.51181585
1371	0.46756217
1372	0.44294775
1373	0.50988305
1374	0.4734348
1375	0.51506686
1376	0.43742725
1377	0.46470302
1378	0.44313622
1379	0.50372016
1380	0.4824031
1381	0.3896637
1382	0.46645162
1383	0.4204171
1384	0.4703836
1385	0.39621252
1386	0.50105554
1387	0.41956803
1388	0.4160883
1389	0.44422132
1390	0.4879351
1391	0.48296887
1392	0.48769844
1393	0.45409408
1394	0.47556445
1395	0.42957258
1396	0.43189293
1397	0.4659221
1398	0.4645012
1399	0.5010467
1400	0.47274244
1401	0.44058543
1402	0.46937406
1403	0.49559763
1404	0.48910972
1405	0.47181863
1406	0.5155438
1407	0.42015722
1408	0.43219042
1409	0.4353422
1410	0.4744597
1411	0.43311003
1412	0.44548205
1413	0.4712825
1414	0.44849342
1415	0.43238276
1416	0.46124107
1417	0.47536904
1418	0.490463
1419	0.40837827
1420	0.42649692
1421	0.46886805
1422	0.43908086
1423	0.44259948
1424	0.49993995
1425	0.40330997
1426	0.5256635
1427	0.45697755
1428	0.44906384
1429	0.46495235
1430	0.45542732
1431	0.39450544
1432	0.445433
1433	0.44147858
1434	0.44387168
1435	0.39053074
1436	0.45753506
1437	0.4845154
1438	0.41838285
1439	0.4342448
1440	0.51511943
1441	0.42261678
1442	0.46960562
1443	0.431697
1444	0.4283452
1445	0.45926496
1446	0.42585567
1447	0.47631863
1448	0.44710332
1449	0.44364002
1450	0.4513969
1451	0.45802054
1452	0.46297032
1453	0.47647652
1454	0.45626798
1455	0.43380323
1456	0.3987021
1457	0.4265294
1458	0.42512652
1459	0.47459066
1460	0.37423828
1461	0.48179832
1462	0.5566236
1463	0.4260842
1464	0.4759653
1465	0.4589351
1466	0.4382809
1467	0.4465216
1468	0.48589486
1469	0.44802502
1470	0.47438198
1471	0.4706868
1472	0.47342968
1473	0.452953
1474	0.42060664
1475	0.42379174
1476	0.41748694
1477	0.40628895
1478	0.4229773
1479	0.40169558
1480	0.4638155
1481	0.43765017
1482	0.4015253
1483	0.43577877
1484	0.4594805
1485	0.38836554
1486	0.4174676
1487	0.46157435
1488	0.5104031
1489	0.43708557
1490	0.45608884
1491	0.45540845
1492	0.49344164
1493	0.44472057
1494	0.46378282
1495	0.4340609
1496	0.501398
1497	0.3961805
1498	0.37442273
1499	0.39579123
1500	0.42987648
1501	0.4199967
1502	0.3984755
1503	0.4110625
1504	0.3999397
1505	0.41214305
1506	0.38583788
1507	0.4147751
1508	0.440988
1509	0.47401804
1510	0.46374327
1511	0.4722644
1512	0.4168502
1513	0.43753463
1514	0.47796252
1515	0.4368369
1516	0.4271983
1517	0.44068116
1518	0.4356509
1519	0.4962962
1520	0.4454387
1521	0.49100065
1522	0.45274422
1523	0.5070247
1524	0.37720764
1525	0.4715026
1526	0.48229203
1527	0.43388763
1528	0.45026758
1529	0.568331
1530	0.47507605
1531	0.552569
1532	0.4506707
1533	0.46848828
1534	0.44269747
1535	0.4532564
1536	0.4461835
1537	0.51036733
1538	0.3829214
1539	0.45516557
1540	0.44265005
1541	0.39845398
1542	0.44112074
1543	0.3873566
1544	0.42144135
1545	0.4253165
1546	0.54395
1547	0.49017793
1548	0.46251437
1549	0.39733526
1550	0.41982454
1551	0.4555006
1552	0.44879276
1553	0.422241
1554	0.50156844
1555	0.5013036
1556	0.39120942
1557	0.48294327
1558	0.44095027
1559	0.42136744
1560	0.49015447
1561	0.42910755
1562	0.5201606
1563	0.41296965
1564	0.4157409
1565	0.41086483
1566	0.39782816
1567	0.4244291
1568	0.3914077
1569	0.40819204
1570	0.44315556
1571	0.4943648
1572	0.48985827
1573	0.46884367
1574	0.45073825
1575	0.413741
1576	0.42761976
1577	0.3792929
1578	0.43806696
1579	0.4366679
1580	0.4368118
1581	0.44510376
1582	0.65270627
1583	0.5351192
1584	0.6168091
1585	0.5065638
1586	0.5140691
1587	0.44270775
1588	0.41123834
1589	0.38578287
1590	0.39782348
1591	0.41920602
1592	0.439477
1593	0.39909473
1594	0.46535417
1595	0.39649522
1596	0.40723613
1597	0.39275125
1598	0.43659496
1599	0.43269965
1600	0.4421016
1601	0.44631907
1602	0.41339892
1603	0.3896849
1604	0.4405667
1605	0.4121649
1606	0.40089267
1607	0.45547912
1608	0.48000816
1609	0.46103054
1610	0.41697657
1611	0.4164984
1612	0.45163283
1613	0.44195935
1614	0.441532
1615	0.39767754
1616	0.40859705
1617	0.34997284
1618	0.43961138
1619	0.43126228
1620	0.43355688
1621	0.39326122
1622	0.46023458
1623	0.43046844
1624	0.37159967
1625	0.4424129
1626	0.50693935
1627	0.45825422
1628	0.38029382
1629	0.44788858
1630	0.43234175
1631	0.43928114
1632	0.4152704
1633	0.5357357
1634	0.36944008
1635	0.45268854
1636	0.45597854
1637	0.45815074
1638	0.49492165
1639	0.4630461
1640	0.422695
1641	0.4202933
1642	0.43728906
1643	0.38379696
1644	0.45110783
1645	0.41405106
1646	0.39634734
1647	0.42463684
1648	0.41849253
1649	0.38692108
1650	0.4249365
1651	0.42321962
1652	0.37235263
1653	0.3915151
1654	0.4078673
1655	0.41274703
1656	0.46976265
1657	0.38034934
1658	0.4260723
1659	0.4315294
1660	0.40390703
1661	0.42234522
1662	0.4206449
1663	0.38226584
1664	0.41941816
1665	0.38202032
1666	0.3967551
1667	0.39592546
1668	0.36671558
1669	0.3926104
1670	0.39699757
1671	0.41417697
1672	0.46411148
1673	0.4046017
1674	0.42515576
1675	0.40357766
1676	0.44551796
1677	0.499592
1678	0.42264366
1679	0.4535039
1680	0.49546131
1681	0.42739102
1682	0.45641053
1683	0.35396954
1684	0.4560084
1685	0.43451887
1686	0.41801012
1687	0.36925703
1688	0.42861933
1689	0.39853477
1690	0.4080021
1691	0.36246914
1692	0.41025093
1693	0.382755
1694	0.43011573
1695	0.40736693
1696	0.42481408
1697	0.39551756
1698	0.42476982
1699	0.4400214
1700	0.43451074
1701	0.49876037
1702	0.38253182
1703	0.49384722
1704	0.45835015
1705	0.40263933
1706	0.47141722
1707	0.3578073
1708	0.42397758
1709	0.39156538
1710	0.44236436
1711	0.41785023
1712	0.3420075
1713	0.39667562
1714	0.39981574
1715	0.42399564
1716	0.40350506
1717	0.4065583
1718	0.42238918
1719	0.47674873
1720	0.5758656
1721	0.4859702
1722	0.43857998
1723	0.4109675
1724	0.4340336
1725	0.38701808
1726	0.3989967
1727	0.4513222
1728	0.4678806
1729	0.4285386
1730	0.450543
1731	0.4126714
1732	0.45770818
1733	0.42047125
1734	0.402844
1735	0.36054724
1736	0.4163788
1737	0.38144815
1738	0.36602163
1739	0.39424527
1740	0.39136094
1741	0.3775367
1742	0.41834214
1743	0.422173
1744	0.38671416
1745	0.3948174
1746	0.38541538
1747	0.4101445
1748	0.36200932
1749	0.39776108
1750	0.40257818
1751	0.3932815
1752	0.42374918
1753	0.39193028
1754	0.35284504
1755	0.39572003
1756	0.387705
1757	0.45643952
1758	0.47008914
1759	0.47244728
1760	0.3733815
1761	0.39223954
1762	0.3920417
1763	0.4471904
1764	0.4131803
1765	0.44160014
1766	0.42897576
1767	0.45254102
1768	0.39145976
1769	0.39068505
1770	0.42497638
1771	0.45783135
1772	0.3876088
1773	0.3458083
1774	0.41870058
1775	0.39685056
1776	0.43804252
1777	0.37659657
1778	0.38387468
1779	0.37131712
1780	0.3585046
1781	0.37155962
1782	0.38820994
1783	0.39245448
1784	0.39849794
1785	0.4017967
1786	0.39366353
1787	0.38156828
1788	0.3847372
1789	0.4458432
1790	0.37579215
1791	0.34112912
1792	0.4574275
1793	0.37283996
1794	0.3974578
1795	0.4094876
1796	0.3805107
1797	0.42408356
1798	0.3618867
1799	0.38721794
1800	0.44314128
1801	0.43488616
1802	0.41419488
1803	0.38329205
1804	0.4173573
1805	0.41894552
1806	0.3772478
1807	0.4548701
1808	0.42042238
1809	0.41709343
1810	0.35462534
1811	0.4036504
1812	0.3585089
1813	0.38697353
1814	0.37632817
1815	0.37665287
1816	0.38571355
1817	0.3611752
1818	0.37559885
1819	0.34087202
1820	0.4019832
1821	0.36204192
1822	0.34625208
1823	0.38043988
1824	0.38180405
1825	0.40222535
1826	0.46555778
1827	0.5356529
1828	0.44776872
1829	0.44463542
1830	0.40841123
1831	0.4534307
1832	0.34373385
1833	0.4408302
1834	0.42663848
1835	0.35042235
1836	0.37548688
1837	0.45698917
1838	0.41211885
1839	0.402253
1840	0.43679076
1841	0.38980785
1842	0.37004134
1843	0.4084713
1844	0.33452
1845	0.39707023
1846	0.41927835
1847	0.3818534
1848	0.40114993
1849	0.37442383
1850	0.40299585
1851	0.41131797
1852	0.3549739
1853	0.3607656
1854	0.3905231
1855	0.40706986
1856	0.39767742
1857	0.38517746
1858	0.35957426
1859	0.40318444
1860	0.36468095
1861	0.44946077
1862	0.38065526
1863	0.4368378
1864	0.42036626
1865	0.35877532
1866	0.3458993
1867	0.389984
1868	0.4399056
1869	0.3736084
1870	0.4031914
1871	0.34674746
1872	0.39093733
1873	0.37292257
1874	0.3854306
1875	0.4141917
1876	0.386743
1877	0.37573415
1878	0.35363233
1879	0.40625885
1880	0.48861787
1881	0.41221344
1882	0.43233198
1883	0.43128777
1884	0.460704
1885	0.43159854
1886	0.3634023
1887	0.37124935
1888	0.4196858
1889	0.40938023
1890	0.36328351
1891	0.43568665
1892	0.4167374
1893	0.38009432
1894	0.4048654
1895	0.34766516
1896	0.41249594
1897	0.4066811
1898	0.38898796
1899	0.4113416
1900	0.3727452
1901	0.3382729
1902	0.40951955
1903	0.4405606
1904	0.42109028
1905	0.540677
1906	0.45005512
1907	0.49129105
1908	0.42082408
1909	0.39620945
1910	0.38187754
1911	0.4441879
1912	0.4077275
1913	0.43235457
1914	0.3679695
1915	0.40368003
1916	0.33618942
1917	0.41433018
1918	0.42152235
1919	0.3760756
1920	0.3451699
1921	0.39190575
1922	0.37114027
1923	0.35518402
1924	0.38465053
1925	0.3461737
1926	0.39427
1927	0.35917887
1928	0.3512544
1929	0.3827574
1930	0.38434485
1931	0.37874407
1932	0.39469978
1933	0.3522598
1934	0.36366084
1935	0.39032966
1936	0.38150615
1937	0.40109318
1938	0.4059148
1939	0.38505986
1940	0.41035855
1941	0.40621173
1942	0.41408136
1943	0.31091297
1944	0.38243186
1945	0.39177972
1946	0.3952633
1947	0.34693515
1948	0.3809264
1949	0.42286456
1950	0.35771716
1951	0.3400826
1952	0.37574688
1953	0.37151834
1954	0.36792845
1955	0.3482501
1956	0.33770826
1957	0.3918556
1958	0.37426373
1959	0.3622036
1960	0.33802575
1961	0.4212432
1962	0.38805696
1963	0.43374354
1964	0.34331578
1965	0.5034205
1966	0.37459275
1967	0.38008437
1968	0.36470085
1969	0.34485328
1970	0.3612512
1971	0.3615646
1972	0.35003594
1973	0.3489959
1974	0.36843827
1975	0.4102134
1976	0.426439
1977	0.43464497
1978	0.49266008
1979	0.41364357
1980	0.46642816
1981	0.4404411
1982	0.3675914
1983	0.37602493
1984	0.38527095
1985	0.40885448
1986	0.32908413
1987	0.34282547
1988	0.40686888
1989	0.41598132
1990	0.37676075
1991	0.4628232
1992	0.38120776
1993	0.4275171
1994	0.40846503
1995	0.36960623
1996	0.38557613
1997	0.35981548
1998	0.3620929
1999	0.3796814
2000	0.4618168
2001	0.36926523
2002	0.372728
2003	0.32970953
2004	0.3716207
2005	0.38375348
2006	0.37586957
2007	0.34373412
2008	0.3595971
2009	0.34400505
2010	0.35722554
2011	0.40443188
2012	0.45032838
2013	0.386921
2014	0.48759338
2015	0.50123304
2016	0.56945264
2017	0.43318573
2018	0.39221606
2019	0.45446253
2020	0.35290086
2021	0.37610525
2022	0.36929348
2023	0.36662927
2024	0.33861917
2025	0.39567024
2026	0.373448
2027	0.37506467
2028	0.36532587
2029	0.40687147
2030	0.3526078
2031	0.3995067
2032	0.43715745
2033	0.3521473
2034	0.3624695
2035	0.36006883
2036	0.34554237
2037	0.37784928
2038	0.37434694
2039	0.34735456
2040	0.3512379
2041	0.36670196
2042	0.3871904
2043	0.36745638
2044	0.3877374
2045	0.34472963
2046	0.3770865
2047	0.35103852
2048	0.3737647
2049	0.3871266
2050	0.4095519
2051	0.41468033
2052	0.43533164
2053	0.3787971
2054	0.39080626
2055	0.3889314
2056	0.43777698
2057	0.2986987
2058	0.35507712
2059	0.34975445
2060	0.31762716
2061	0.40958408
2062	0.38689077
2063	0.3834047
2064	0.384605
2065	0.4100756
2066	0.35527545
2067	0.36106807
2068	0.3661521
2069	0.32871962
2070	0.43456614
2071	0.32647756
2072	0.35289928
2073	0.3312921
2074	0.34993178
2075	0.34575814
2076	0.3168898
2077	0.37656754
2078	0.39367402
2079	0.37500203
2080	0.3923265
2081	0.36523136
2082	0.3372864
2083	0.3478106
2084	0.38879746
2085	0.35932413
2086	0.30679497
2087	0.3191524
2088	0.31579405
2089	0.31554523
2090	0.37929744
2091	0.34157282
2092	0.31496942
2093	0.36311138
2094	0.40121362
2095	0.33561656
2096	0.4281764
2097	0.3593915
2098	0.33105627
2099	0.35879913
2100	0.36129153
2101	0.36879474
2102	0.35757688
2103	0.31604382
2104	0.32972655
2105	0.43135813
2106	0.39363596
2107	0.3945112
2108	0.4251483
2109	0.60017467
2110	0.5827577
2111	0.6294967
2112	0.44558698
2113	0.520118
2114	0.42974016
2115	0.48564848
2116	0.45533374
2117	0.40198162
2118	0.33451673
2119	0.35979387
2120	0.48021773
2121	0.34603137
2122	0.36348125
2123	0.29856554
2124	0.35977834
2125	0.3243398
2126	0.39084542
2127	0.3676238
2128	0.35698718
2129	0.34345147
2130	0.33180097
2131	0.36249718
2132	0.31294742
2133	0.32264817
2134	0.36854124
2135	0.34093267
2136	0.36457238
2137	0.3211368
2138	0.38057402
2139	0.36747503
2140	0.3699122
2141	0.31621
2142	0.35018393
2143	0.33091938
2144	0.35897753
2145	0.38250697
2146	0.34022447
2147	0.37778094
2148	0.34063545
2149	0.37219813
2150	0.38050538
2151	0.35760102
2152	0.36367285
2153	0.3288592
2154	0.37185338
2155	0.38410336
2156	0.3368426
2157	0.37741855
2158	0.36008963
2159	0.33953568
2160	0.34349447
2161	0.32600528
2162	0.3965055
2163	0.30042827
2164	0.35482532
2165	0.32492453
2166	0.36985615
2167	0.37190658
2168	0.35560971
2169	0.345231
2170	0.3410754
2171	0.31550863
2172	0.3599901
2173	0.42278254
2174	0.39567232
2175	0.2999984
2176	0.32515982
2177	0.34311593
2178	0.33967036
2179	0.3131183
2180	0.35700357
2181	0.31582135
2182	0.35504213
2183	0.4046934
2184	0.3686109
2185	0.37158188
2186	0.31132346
2187	0.36639932
2188	0.3250553
2189	0.373144
2190	0.35265023
2191	0.3422325
2192	0.35540485
2193	0.32458818
2194	0.32715723
2195	0.3628024
2196	0.3532232
2197	0.32916787
2198	0.34656855
2199	0.39548558
2200	0.36408582
2201	0.35009778
2202	0.3444956
2203	0.34227693
2204	0.32548863
2205	0.34720966
2206	0.35279405
2207	0.3938347
2208	0.36948565
2209	0.3145612
2210	0.36710793
2211	0.35207874
2212	0.45510963
2213	0.39185297
2214	0.30194342
2215	0.38180572
2216	0.3056832
2217	0.31234044
2218	0.37479722
2219	0.36572692
2220	0.3703621
2221	0.35022026
2222	0.36436388
2223	0.31322333
2224	0.32071516
2225	0.3346083
2226	0.36097753
2227	0.3414186
2228	0.34284365
2229	0.3529118
2230	0.38249233
2231	0.3628475
2232	0.3347408
2233	0.34948015
2234	0.31642702
2235	0.31583384
2236	0.34976545
2237	0.3683332
2238	0.38210994
2239	0.42160976
2240	0.33559418
2241	0.35136744
2242	0.36689788
2243	0.4010221
2244	0.3585424
2245	0.38174927
2246	0.38908762
2247	0.3752839
2248	0.35702768
2249	0.3582681
2250	0.33919436
2251	0.32761705
2252	0.3508431
2253	0.32618538
2254	0.31984103
2255	0.36031538
2256	0.32120782
2257	0.32534567
2258	0.3615939
2259	0.37020952
2260	0.40409273
2261	0.32541877
2262	0.35060295
2263	0.45089516
2264	0.35519382
2265	0.3538803
2266	0.35307565
2267	0.34334815
2268	0.38301447
2269	0.33245483
2270	0.33414823
2271	0.34366643
2272	0.35946158
2273	0.35148734
2274	0.3083068
2275	0.33049378
2276	0.3556363
2277	0.35724857
2278	0.32954675
2279	0.31975958
2280	0.30156848
2281	0.29678866
2282	0.3402601
2283	0.39967954
2284	0.34075323
2285	0.28104234
2286	0.3189359
2287	0.30808514
2288	0.30998898
2289	0.32488063
2290	0.34334463
2291	0.33601505
2292	0.35191867
2293	0.35498375
2294	0.2973024
2295	0.34993255
2296	0.37046245
2297	0.38065588
2298	0.35789388
2299	0.33189183
2300	0.43218327
2301	0.41270527
2302	0.3940366
2303	0.33274665
2304	0.35849407
2305	0.3382898
2306	0.32738912
2307	0.33338076
2308	0.32491782
2309	0.315397
2310	0.3411257
2311	0.34426805
2312	0.33286518
2313	0.3205729
2314	0.3995309
2315	0.3094058
2316	0.3665668
2317	0.35936883
2318	0.30848533
2319	0.3083706
2320	0.30361208
2321	0.33036673
2322	0.43202928
2323	0.323857
2324	0.3591649
2325	0.3368552
2326	0.35321438
2327	0.3491337
2328	0.32337272
2329	0.3286321
2330	0.34759262
2331	0.35338318
2332	0.3301186
2333	0.31749195
2334	0.3512922
2335	0.3672239
2336	0.34584507
2337	0.34232572
2338	0.36113867
2339	0.31680727
2340	0.33760008
2341	0.38169354
2342	0.35883662
2343	0.34003767
2344	0.34417054
2345	0.32455513
2346	0.32329628
2347	0.35990742
2348	0.34097895
2349	0.34317973
2350	0.35993892
2351	0.34423745
2352	0.31406137
2353	0.32400328
2354	0.34900317
2355	0.30612776
2356	0.3209887
2357	0.33492547
2358	0.33844006
2359	0.3317909
2360	0.36167386
2361	0.3624755
2362	0.34817934
2363	0.36490616
2364	0.35283583
2365	0.36352545
2366	0.32837436
2367	0.34083924
2368	0.33821967
2369	0.4330986
2370	0.40272623
2371	0.37259835
2372	0.32005665
2373	0.41576812
2374	0.3533439
2375	0.33013332
2376	0.33307886
2377	0.31810936
2378	0.36556002
2379	0.32282877
2380	0.30555135
2381	0.35497397
2382	0.2892948
2383	0.31001595
2384	0.3078241
2385	0.2940796
2386	0.28902087
2387	0.31449488
2388	0.31079018
2389	0.31580147
2390	0.3105703
2391	0.34823912
2392	0.35525215
2393	0.33689106
2394	0.3171971
2395	0.29928306
2396	0.3413396
2397	0.342888
2398	0.32620236
2399	0.3008578
2400	0.30839524
2401	0.32571724
2402	0.29388815
2403	0.30566666
2404	0.30734125
2405	0.29082376
2406	0.33067638
2407	0.31878912
2408	0.3423699
2409	0.3750292
2410	0.29771405
2411	0.29669672
2412	0.30934483
2413	0.33945274
2414	0.3460331
2415	0.38781407
2416	0.31895068
2417	0.3424731
2418	0.30413267
2419	0.33253634
2420	0.32250243
2421	0.32385847
2422	0.36647862
2423	0.33759165
2424	0.35145506
2425	0.37372535
2426	0.32957393
2427	0.33622968
2428	0.334271
2429	0.34596494
2430	0.3283653
2431	0.34973553
2432	0.32403624
2433	0.3442297
2434	0.29088452
2435	0.3267666
2436	0.32152462
2437	0.29946348
2438	0.37874243
2439	0.34092414
2440	0.37092215
2441	0.4101561
2442	0.30862328
2443	0.35668084
2444	0.39277342
2445	0.33757576
2446	0.34266102
2447	0.4007576
2448	0.3214399
2449	0.3521001
2450	0.275365
2451	0.3151624
2452	0.33975685
2453	0.2948761
2454	0.30368307
2455	0.35445067
2456	0.31341356
2457	0.31918722
2458	0.31385088
2459	0.33513662
2460	0.28934956
2461	0.33848232
2462	0.3023349
2463	0.36409414
2464	0.30199262
2465	0.31518376
2466	0.3412701
2467	0.32964087
2468	0.3482526
2469	0.33721545
2470	0.34995607
2471	0.3444145
2472	0.2911838
2473	0.42170608
2474	0.34698915
2475	0.33040226
2476	0.30926642
2477	0.3288013
2478	0.32977962
2479	0.2857409
2480	0.36412075
2481	0.30700383
2482	0.35338795
2483	0.33216444
2484	0.31510618
2485	0.3007865
2486	0.33887365
2487	0.3342404
2488	0.30964443
2489	0.2803141
2490	0.37097624
2491	0.31702855
2492	0.3281436
2493	0.3255139
2494	0.30656052
2495	0.3264887
2496	0.33420387
2497	0.2886726
2498	0.34136915
2499	0.25262234
2500	0.32120925
2501	0.34507495
2502	0.36309192
2503	0.2958732
2504	0.3579526
2505	0.38431594
2506	0.366626
2507	0.2993793
2508	0.32140416
2509	0.32944214
2510	0.329004
2511	0.33036512
2512	0.3238605
2513	0.31665727
2514	0.37019423
2515	0.36295292
2516	0.41779026
2517	0.39769867
2518	0.39740625
2519	0.42320064
2520	0.6133303
2521	0.34324834
2522	0.3765733
2523	0.32820466
2524	0.31293017
2525	0.3101932
2526	0.261829
2527	0.31026775
2528	0.35263756
2529	0.30841926
2530	0.31810996
2531	0.294678
2532	0.2828446
2533	0.2979053
2534	0.34003836
2535	0.29213545
2536	0.33801314
2537	0.34028766
2538	0.3479761
2539	0.30302677
2540	0.28287998
2541	0.35078314
2542	0.33132273
2543	0.29632032
2544	0.35109836
2545	0.32050365
2546	0.31819776
2547	0.31604767
2548	0.314816
2549	0.31925943
2550	0.37243122
2551	0.31201425
2552	0.3249142
2553	0.27574274
2554	0.33480838
2555	0.33718064
2556	0.30897173
2557	0.36111626
2558	0.3063092
2559	0.29769972
2560	0.32867962
2561	0.3078391
2562	0.35542643
2563	0.44206172
2564	0.40968436
2565	0.29718316
2566	0.3759218
2567	0.32463357
2568	0.29538232
2569	0.2918392
2570	0.28700948
2571	0.31532997
2572	0.27911434
2573	0.29456064
2574	0.33515856
2575	0.27274814
2576	0.29188716
2577	0.30872923
2578	0.29515395
2579	0.34665918
2580	0.31053594
2581	0.29698703
2582	0.3087799
2583	0.31837767
2584	0.2987673
2585	0.28937945
2586	0.3298856
2587	0.30614892
2588	0.3676125
2589	0.30121624
2590	0.3211451
2591	0.302491
2592	0.3201969
2593	0.29083684
2594	0.33702308
2595	0.2854623
2596	0.29047224
2597	0.26829964
2598	0.30679208
2599	0.36489126
2600	0.31795412
2601	0.29968077
2602	0.31332526
2603	0.31157282
2604	0.35035044
2605	0.32277858
2606	0.29231945
2607	0.27829197
2608	0.29419926
2609	0.32784793
2610	0.27459228
2611	0.29247278
2612	0.28256845
2613	0.29963928
2614	0.3061235
2615	0.3270048
2616	0.32027376
2617	0.32799816
2618	0.2984689
2619	0.37596253
2620	0.30420277
2621	0.37534952
2622	0.3216113
2623	0.31250593
2624	0.36650005
2625	0.38761997
2626	0.3220103
2627	0.3465007
2628	0.29945865
2629	0.28449452
2630	0.3282097
2631	0.2819445
2632	0.33443165
2633	0.31716394
2634	0.27984565
2635	0.2631106
2636	0.2824404
2637	0.31438458
2638	0.30277908
2639	0.2982877
2640	0.30580103
2641	0.30067307
2642	0.36368576
2643	0.2983814
2644	0.287843
2645	0.34762165
2646	0.32820225
2647	0.30914798
2648	0.28462005
2649	0.30530113
2650	0.2802478
2651	0.30973962
2652	0.2839192
2653	0.33435613
2654	0.34827852
2655	0.31450874
2656	0.29642448
2657	0.28158465
2658	0.26634142
2659	0.3327109
2660	0.276655
2661	0.33108506
2662	0.28608328
2663	0.34090775
2664	0.30280063
2665	0.30389827
2666	0.3333691
2667	0.3563359
2668	0.35649902
2669	0.3153451
2670	0.27673274
2671	0.26097676
2672	0.27143076
2673	0.31555182
2674	0.3266703
2675	0.32043186
2676	0.29418862
2677	0.29357713
2678	0.32301047
2679	0.3460579
2680	0.31639388
2681	0.33728573
2682	0.33691293
2683	0.32649085
2684	0.2853761
2685	0.24670564
2686	0.3383691
2687	0.2902778
2688	0.31206414
2689	0.30600888
2690	0.29533347
2691	0.28959215
2692	0.33423498
2693	0.28066343
2694	0.2847433
2695	0.29608753
2696	0.2758981
2697	0.31536722
2698	0.33932856
2699	0.34235108
2700	0.2810908
2701	0.29659548
2702	0.27982768
2703	0.34544727
2704	0.29229534
2705	0.27308023
2706	0.33475414
2707	0.32624722
2708	0.31540808
2709	0.2699738
2710	0.28602198
2711	0.31118774
2712	0.34793887
2713	0.32579273
2714	0.37813553
2715	0.2718194
2716	0.32777315
2717	0.3255655
2718	0.32019287
2719	0.25100562
2720	0.25878808
2721	0.2697994
2722	0.2736293
2723	0.30652693
2724	0.30655453
2725	0.35833624
2726	0.45932907
2727	0.35062283
2728	0.31929314
2729	0.34419188
2730	0.33845574
2731	0.34285882
2732	0.28194925
2733	0.305809
2734	0.30443314
2735	0.28307799
2736	0.29030755
2737	0.28261167
2738	0.2724031
2739	0.2887099
2740	0.35412556
2741	0.28536522
2742	0.3040567
2743	0.28325346
2744	0.3344062
2745	0.3111312
2746	0.2905862
2747	0.30982235
2748	0.29172516
2749	0.28109214
2750	0.29330897
2751	0.3011823
2752	0.28795516
2753	0.32535303
2754	0.33580205
2755	0.3127938
2756	0.26201946
2757	0.26305214
2758	0.30911332
2759	0.2591445
2760	0.30568945
2761	0.25830242
2762	0.31713676
2763	0.33240932
2764	0.3428662
2765	0.3703057
2766	0.34601042
2767	0.3010812
2768	0.3234247
2769	0.3482187
2770	0.30032736
2771	0.3330243
2772	0.32322964
2773	0.27615613
2774	0.25972402
2775	0.30869538
2776	0.256926
2777	0.31823257
2778	0.27338725
2779	0.2634431
2780	0.3244685
2781	0.26597065
2782	0.28283507
2783	0.27961785
2784	0.32874793
2785	0.26232564
2786	0.2704927
2787	0.25042537
2788	0.2847895
2789	0.27015266
2790	0.2820257
2791	0.33888468
2792	0.2590963
2793	0.28277615
2794	0.2424411
2795	0.29019234
2796	0.3189503
2797	0.28207505
2798	0.25157988
2799	0.31175217
2800	0.25417465
2801	0.28412816
2802	0.29362005
2803	0.33989286
2804	0.2676097
2805	0.29091948
2806	0.3067134
2807	0.3252645
2808	0.29860216
2809	0.3337093
2810	0.35710284
2811	0.34769872
2812	0.27088255
2813	0.23561844
2814	0.2571221
2815	0.26270187
2816	0.27104974
2817	0.26415592
2818	0.27800238
2819	0.31403634
2820	0.29923198
2821	0.29156867
2822	0.31928092
2823	0.29371053
2824	0.26548412
2825	0.29048422
2826	0.28513658
2827	0.25057432
2828	0.27693385
2829	0.24702594
2830	0.3136002
2831	0.28000233
2832	0.31973484
2833	0.29086122
2834	0.28526327
2835	0.29196325
2836	0.2611991
2837	0.24486367
2838	0.27452382
2839	0.31173393
2840	0.33385646
2841	0.29858664
2842	0.2910067
2843	0.3387376
2844	0.38339457
2845	1.0909312
2846	0.51066935
2847	0.4930981
2848	0.3680329
2849	0.35399133
2850	0.31192657
2851	0.29794404
2852	0.33559448
2853	0.35571286
2854	0.27380645
2855	0.2781986
2856	0.29311627
2857	0.2908536
2858	0.3110805
2859	0.2562157
2860	0.30445144
2861	0.24481559
2862	0.2705946
2863	0.28942215
2864	0.2927429
2865	0.3013913
2866	0.31240308
2867	0.2733862
2868	0.2527308
2869	0.28421167
2870	0.26435056
2871	0.25943515
2872	0.29358226
2873	0.3454787
2874	0.2667086
2875	0.26651013
2876	0.28733808
2877	0.30915213
2878	0.24056634
2879	0.27565563
2880	0.28004825
2881	0.2851118
2882	0.27002174
2883	0.2724803
2884	0.30559176
2885	0.26656437
2886	0.2753644
2887	0.28589877
2888	0.29183206
2889	0.32485592
2890	0.24257241
2891	0.32158333
2892	0.27190372
2893	0.24946274
2894	0.30227995
2895	0.2730356
2896	0.2171232
2897	0.26106972
2898	0.30731958
2899	0.26561627
2900	0.29286483
2901	0.30426857
2902	0.30096698
2903	0.28054786
2904	0.25483066
2905	0.28366274
2906	0.26519698
2907	0.29899275
2908	0.25998628
2909	0.28219882
2910	0.27639472
2911	0.30530065
2912	0.258069
2913	0.26652527
2914	0.30266315
2915	0.33340135
2916	0.28473356
2917	0.2915197
2918	0.2990748
2919	0.27900755
2920	0.26303524
2921	0.26037115
2922	0.26283255
2923	0.27904084
2924	0.29588458
2925	0.34512836
2926	0.23789504
2927	0.28576747
2928	0.2633122
2929	0.34102017
2930	0.3321209
2931	0.32151255
2932	0.26747066
2933	0.38510588
2934	0.3213142
2935	0.32311675
2936	0.28041458
2937	0.27121922
2938	0.27721903
2939	0.26864654
2940	0.26385272
2941	0.2772663
2942	0.2944192
2943	0.29114902
2944	0.30505836
2945	0.26547873
2946	0.286613
2947	0.31386846
2948	0.28395164
2949	0.30552083
2950	0.29108626
2951	0.25999692
2952	0.24867775
2953	0.2610571
2954	0.30616954
2955	0.22368336
2956	0.27168748
2957	0.2601375
2958	0.2995545
2959	0.23582675
2960	0.26634848
2961	0.29039428
2962	0.29879314
2963	0.29677498
2964	0.25351185
2965	0.26794383
2966	0.33881944
2967	0.3050193
2968	0.2837215
2969	0.24066941
2970	0.2816439
2971	0.26958293
2972	0.2563465
2973	0.29254162
2974	0.24522752
2975	0.2782066
2976	0.28024814
2977	0.26459694
2978	0.25341097
2979	0.28506544
2980	0.28132558
2981	0.32334402
2982	0.26955774
2983	0.2954672
2984	0.26478788
2985	0.2552808
2986	0.31231976
2987	0.29702595
2988	0.30514517
2989	0.27702922
2990	0.27731422
2991	0.29527137
2992	0.2705504
2993	0.3285983
2994	0.525267
2995	0.50123596
2996	0.36496323
2997	0.40710035
2998	0.35353595
2999	0.33785644
3000	0.28536698
3001	0.288889
3002	0.3541368
3003	0.27621642
3004	0.31349838
3005	0.29126933
3006	0.25084183
3007	0.26474386
3008	0.2741554
3009	0.25469875
3010	0.25477484
3011	0.2513699
3012	0.27780384
3013	0.2746476
3014	0.24067396
3015	0.30715817
3016	0.26251248
3017	0.31490833
3018	0.29379532
3019	0.2535898
3020	0.2758652
3021	0.25678495
3022	0.2754836
3023	0.26214305
3024	0.25741887
3025	0.29686818
3026	0.28977585
3027	0.25930813
3028	0.27208522
3029	0.2976516
3030	0.31008437
3031	0.28355974
3032	0.35182285
3033	0.27744374
3034	0.3066138
3035	0.2829637
3036	0.33320427
3037	0.34019774
3038	0.26828855
3039	0.28498873
3040	0.2971566
3041	0.27968135
3042	0.2596532
3043	0.26892728
3044	0.2909075
3045	0.2567422
3046	0.30818778
3047	0.2423223
3048	0.24951372
3049	0.25698155
3050	0.21675229
3051	0.2556707
3052	0.24434495
3053	0.2789707
3054	0.24840935
3055	0.26070824
3056	0.2973359
3057	0.29384416
3058	0.2690795
3059	0.27622524
3060	0.27688426
3061	0.2601792
3062	0.2857
3063	0.27124178
3064	0.31484884
3065	0.24010757
3066	0.27553338
3067	0.26272422
3068	0.34888923
3069	0.33045867
3070	0.26548362
3071	0.2557662
3072	0.24714354
3073	0.27431944
3074	0.26989505
3075	0.27201194
3076	0.24843739
3077	0.27099174
3078	0.30972484
3079	0.29968363
3080	0.27174923
3081	0.26608813
3082	0.28110573
3083	0.26692742
3084	0.28350043
3085	0.26688808
3086	0.24159394
3087	0.28384972
3088	0.28409564
3089	0.2860098
3090	0.27028447
3091	0.24362081
3092	0.2524663
3093	0.27439612
3094	0.31766737
3095	0.3187574
3096	0.26289245
3097	0.2403139
3098	0.2570007
3099	0.29625326
3100	0.33236635
3101	0.30243504
3102	0.27679744
3103	0.29215065
3104	0.28976494
3105	0.26208135
3106	0.2840789
3107	0.30843496
3108	0.24267484
3109	0.24611646
3110	0.26560214
3111	0.25311324
3112	0.27540824
3113	0.25805542
3114	0.24766864
3115	0.2491676
3116	0.29900602
3117	0.28715742
3118	0.29041153
3119	0.29440358
3120	0.26485184
3121	0.2588472
3122	0.28019258
3123	0.27494946
3124	0.2639655
3125	0.2776659
3126	0.28998053
3127	0.297269
3128	0.32763258
3129	0.28111827
3130	0.2812614
3131	0.2535874
3132	0.2737382
3133	0.23614384
3134	0.24169882
3135	0.252532
3136	0.27591407
3137	0.24831262
3138	0.2819474
3139	0.35643685
3140	0.27406418
3141	0.24259701
3142	0.24492052
3143	0.23918724
3144	0.24144691
3145	0.3050523
3146	0.27122453
3147	0.2691565
3148	0.2616432
3149	0.26723322
3150	0.29411688
3151	0.25839165
3152	0.24837476
3153	0.26050615
3154	0.2822922
3155	0.24364859
3156	0.30947977
3157	0.2274719
3158	0.234969
3159	0.23784406
3160	0.24476124
3161	0.27306935
3162	0.25249472
3163	0.26155078
3164	0.22720462
3165	0.2565289
3166	0.3098358
3167	0.28613216
3168	0.27786785
3169	0.25243825
3170	0.27452192
3171	0.31650603
3172	0.24992198
3173	0.22489873
3174	0.24349746
3175	0.25151128
3176	0.24987537
3177	0.26241872
3178	0.260201
3179	0.24994048
3180	0.25766173
3181	0.30483726
3182	0.29809374
3183	0.2636535
3184	0.2803144
3185	0.28580216
3186	0.3072716
3187	0.28238922
3188	0.2848248
3189	0.22991326
3190	0.32882622
3191	0.31240612
3192	0.29040363
3193	0.32896754
3194	0.2749596
3195	0.2647507
3196	0.2775853
3197	0.23639528
3198	0.2685587
3199	0.27766985
3200	0.25323018
